"Action","Class","RelPath"
"OVERWRITE-PREFER-REC","CONFLICT_BOTH","Servers\IdentityServer\.env"
"OVERWRITE-PREFER-REC","CONFLICT_BOTH","Servers\IdentityServer\.env.All"
"OVERWRITE-PREFER-REC","CONFLICT_BOTH","Servers\IdentityServer\.env.All.Docker"
"OVERWRITE-PREFER-REC","CONFLICT_BOTH","Servers\IdentityServer\.env.Docker"
"OVERWRITE-PREFER-REC","CONFLICT_BOTH","Servers\IdentityServer\docker-compose-all.yml"
"OVERWRITE-PREFER-REC","CONFLICT_BOTH","Servers\IdentityServer\env.example"
"OVERWRITE-PREFER-REC","CONFLICT_BOTH","Servers\IdentityServer\IdentityServerStandalone\Program.cs"
"OVERWRITE-PREFER-REC","CONFLICT_BOTH","Servers\IdentityServer\Viking.Identity.Server.WebApi\Controllers\PermissionsController.cs"
"OVERWRITE-PREFER-REC","CONFLICT_BOTH","Servers\IdentityServer\Viking.Identity.Server.WebManagement\appsettings.Docker.json"
"OVERWRITE-PREFER-REC","CONFLICT_BOTH","Servers\IdentityServer\Viking.Identity.Server.WebManagement\Controllers\ApplicationUsersController.cs"
"OVERWRITE-PREFER-REC","CONFLICT_BOTH","Servers\IdentityServer\Viking.Identity.Server.WebManagement\Program.cs"
"OVERWRITE-PREFER-REC","CONFLICT_NEW","Servers\IdentityServer\Viking.Identity.Server.WebManagement\secrets.json"
"FLAG-NO-RESTORE","DELETED_IN_CURRENT_REC_MOD","Servers\IdentityServer\Dockerfile"
"OVERWRITE","MOD_RECOVERED_ONLY",".gitmodules"
"OVERWRITE","MOD_RECOVERED_ONLY","Analysis\AnnotationGraphLib\Service References\AnnotationService\Annotation.xsd"
"OVERWRITE","MOD_RECOVERED_ONLY","Analysis\AnnotationGraphLib\Service References\AnnotationService\configuration91.svcinfo"
"OVERWRITE","MOD_RECOVERED_ONLY","Analysis\AnnotationGraphLib\Service References\AnnotationService\service.wsdl"
"OVERWRITE","MOD_RECOVERED_ONLY","Analysis\AnnotationGraphLibTests\Service References\AnnotationService\Annotation.xsd"
"OVERWRITE","MOD_RECOVERED_ONLY","Analysis\AnnotationGraphLibTests\Service References\AnnotationService\configuration91.svcinfo"
"OVERWRITE","MOD_RECOVERED_ONLY","Analysis\AnnotationGraphLibTests\Service References\AnnotationService\service.wsdl"
"OVERWRITE","MOD_RECOVERED_ONLY","Analysis\AnnotationGraphLibTests\Service References\AnnotationService\service.xsd"
"OVERWRITE","MOD_RECOVERED_ONLY","AnnotationVizLib\Graph\Morphology\PathData.cs"
"OVERWRITE","MOD_RECOVERED_ONLY","AnnotationVizLibTests\Resources\ExportColorMapping\0001_5604_CMPv2.png"
"OVERWRITE","MOD_RECOVERED_ONLY","AnnotationVizLibTests\Resources\ExportColorMapping\0030_Glycine_32.png"
"OVERWRITE","MOD_RECOVERED_ONLY","AnnotationVizLibTests\Resources\ExportColorMapping\0061_GABA_32.png"
"OVERWRITE","MOD_RECOVERED_ONLY","AnnotationVizLibTests\Resources\ExportColorMapping\0090_AGB_32.png"
"OVERWRITE","MOD_RECOVERED_ONLY","AnnotationVizLibTests\Resources\ExportColorMapping\0184_GABA_32.png"
"OVERWRITE","MOD_RECOVERED_ONLY","AnnotationVizLibTests\Resources\ExportColorMapping\0277_Glycine_32.png"
"OVERWRITE","MOD_RECOVERED_ONLY","AnnotationVizLibTests\Resources\ExportColorMapping\0371_PCAImage.png"
"OVERWRITE","MOD_RECOVERED_ONLY","AnnotationVizLibWCFClient\Service References\AnnotationClient\configuration91.svcinfo"
"OVERWRITE","MOD_RECOVERED_ONLY","Clients\Bifrost\Monographics\Content\Circle.png"
"OVERWRITE","MOD_RECOVERED_ONLY","Clients\Bifrost\Monographics\Content\Circle.psd"
"OVERWRITE","MOD_RECOVERED_ONLY","Clients\Bifrost\Monographics\Content\Circle2.psd"
"OVERWRITE","MOD_RECOVERED_ONLY","Clients\Bifrost\Monographics\Content\UpArrowAlpha.psd"
"OVERWRITE","MOD_RECOVERED_ONLY","Clients\Bifrost\Monographics\Content\UpArrowAlphaV2.psd"
"OVERWRITE","MOD_RECOVERED_ONLY","Clients\Jotunn\Jotunn\Application.ico"
"OVERWRITE","MOD_RECOVERED_ONLY","Clients\Jotunn\Jotunn\Viking.ico"
"OVERWRITE","MOD_RECOVERED_ONLY","Clients\Libs\DotNetZip\1.9\DotNetZipLib-v1.9.chm"
"OVERWRITE","MOD_RECOVERED_ONLY","Clients\Libs\DotNetZip\1.9\DotNetZip-v1.9-Reduced\Debug\Ionic.Zip.Reduced.XML"
"OVERWRITE","MOD_RECOVERED_ONLY","Clients\Libs\DotNetZip\1.9\Zlib-v1.9-CompactFramework\Debug\Ionic.Zlib.CF.XML"
"OVERWRITE","MOD_RECOVERED_ONLY","Clients\MonogameTestbed\BoundaryFinder.cs"
"OVERWRITE","MOD_RECOVERED_ONLY","Clients\MonogameTestbed\Content\Content.mgcb"
"OVERWRITE","MOD_RECOVERED_ONLY","Clients\MonogameTestbed\MonogameTestbed.cs"
"OVERWRITE","MOD_RECOVERED_ONLY","Clients\MonogameXNAGraphicsShared\ImageContent\Circle.psd"
"OVERWRITE","MOD_RECOVERED_ONLY","Clients\MonogameXNAGraphicsShared\ImageContent\Circle_Connect.psd"
"OVERWRITE","MOD_RECOVERED_ONLY","Clients\MonogameXNAGraphicsShared\ImageContent\Circle2.psd"
"OVERWRITE","MOD_RECOVERED_ONLY","Clients\MonogameXNAGraphicsShared\ImageContent\Circle2Minus.psd"
"OVERWRITE","MOD_RECOVERED_ONLY","Clients\MonogameXNAGraphicsShared\ImageContent\CircleEngraved.psd"
"OVERWRITE","MOD_RECOVERED_ONLY","Clients\MonogameXNAGraphicsShared\ImageContent\CircleX.psd"
"OVERWRITE","MOD_RECOVERED_ONLY","Clients\MonogameXNAGraphicsShared\ImageContent\UpArrowAlphaV2.psd"
"OVERWRITE","MOD_RECOVERED_ONLY","Clients\MonogameXNAGraphicsShared\MonogameContent\AnnotationOverlayShader.fx"
"OVERWRITE","MOD_RECOVERED_ONLY","Clients\MonogameXNAGraphicsShared\XNAContent\UpArrowMask.png"
"OVERWRITE","MOD_RECOVERED_ONLY","Clients\Viking.sln"
"OVERWRITE","MOD_RECOVERED_ONLY","Clients\Viking\LocalBookmarks\Content\Arrow.png"
"OVERWRITE","MOD_RECOVERED_ONLY","Clients\Viking\LocalBookmarks\Content\LocalBookmarksContent.contentproj"
"OVERWRITE","MOD_RECOVERED_ONLY","Clients\Viking\LocalBookmarks\Content\Ring.psd"
"OVERWRITE","MOD_RECOVERED_ONLY","Clients\Viking\LocalBookmarks\Content\Star.png"
"OVERWRITE","MOD_RECOVERED_ONLY","Clients\Viking\NGVV\Resources\marclab.png"
"OVERWRITE","MOD_RECOVERED_ONLY","Clients\Viking\NGVV\UI\Forms\AboutBox.resx"
"OVERWRITE","MOD_RECOVERED_ONLY","Clients\Viking\NGVV\UI\Forms\PropertySheetForm.resx"
"OVERWRITE","MOD_RECOVERED_ONLY","Clients\Viking\NGVV\UI\Forms\ScreenshotForm.resx"
"OVERWRITE","MOD_RECOVERED_ONLY","Clients\Viking\NGVV\UI\Forms\SplashForm.resx"
"OVERWRITE","MOD_RECOVERED_ONLY","Clients\Viking\NGVV\VikingCore.csproj"
"OVERWRITE","MOD_RECOVERED_ONLY","Clients\Viking\Viking\Viking.ico"
"OVERWRITE","MOD_RECOVERED_ONLY","Clients\Viking\WebAnnotation\Objects\LocationObj.cs"
"OVERWRITE","MOD_RECOVERED_ONLY","Clients\Viking\WebAnnotation\Service References\Service\AnnotateService11.wsdl"
"OVERWRITE","MOD_RECOVERED_ONLY","Clients\Viking\WebAnnotation\Service References\Service\configuration91.svcinfo"
"OVERWRITE","MOD_RECOVERED_ONLY","Clients\Viking\WebAnnotation\UI\AnnotationOverlay.cs"
"OVERWRITE","MOD_RECOVERED_ONLY","Clients\VikingWPFUserControls\StringArrayAutoScroller.xaml"
"OVERWRITE","MOD_RECOVERED_ONLY","Clients\VolumeModel\Volume.cs"
"OVERWRITE","MOD_RECOVERED_ONLY","Clients\WebAnnotationModel.gRPC.Tests\Test.cs"
"OVERWRITE","MOD_RECOVERED_ONLY","Clients\WebAnnotationModel.gRPC.Tests\WebAnnotationModel.gRPC.Tests.csproj"
"OVERWRITE","MOD_RECOVERED_ONLY","Clients\WebAnnotationWPFControls\Properties\Settings.settings"
"OVERWRITE","MOD_RECOVERED_ONLY","Clients\XNATestbed\XNATestbed\XNATestbed.csproj"
"OVERWRITE","MOD_RECOVERED_ONLY","ColladaIOTest\Resources\RC1ColorMapping\0001_5604_CMPv2.png"
"OVERWRITE","MOD_RECOVERED_ONLY","ColladaIOTest\Resources\RC1ColorMapping\0030_Glycine_32.png"
"OVERWRITE","MOD_RECOVERED_ONLY","ColladaIOTest\Resources\RC1ColorMapping\0061_GABA_32.png"
"OVERWRITE","MOD_RECOVERED_ONLY","ColladaIOTest\Resources\RC1ColorMapping\0090_AGB_32.png"
"OVERWRITE","MOD_RECOVERED_ONLY","ColladaIOTest\Resources\RC1ColorMapping\0184_GABA_32.png"
"OVERWRITE","MOD_RECOVERED_ONLY","ColladaIOTest\Resources\RC1ColorMapping\0277_Glycine_32.png"
"OVERWRITE","MOD_RECOVERED_ONLY","ColladaIOTest\Resources\RC1ColorMapping\0371_PCAImage.png"
"OVERWRITE","MOD_RECOVERED_ONLY","Documentation\source\_static\Bajaj2DMovie_V2_WithRegion.mp4"
"OVERWRITE","MOD_RECOVERED_ONLY","Documentation\source\Banner.jpg"
"OVERWRITE","MOD_RECOVERED_ONLY","Documentation\source\Banner.png"
"OVERWRITE","MOD_RECOVERED_ONLY","Documentation\source\Banner_V2.jpg"
"OVERWRITE","MOD_RECOVERED_ONLY","Documentation\source\Banner_V2.png"
"OVERWRITE","MOD_RECOVERED_ONLY","Documentation\source\Banner_V2.psd"
"OVERWRITE","MOD_RECOVERED_ONLY","Documentation\source\client\VikingUsage_MarshakLab2014.pdf"
"OVERWRITE","MOD_RECOVERED_ONLY","Documentation\source\developerdocs\mesh\00_StartingContours.png"
"OVERWRITE","MOD_RECOVERED_ONLY","Documentation\source\developerdocs\mesh\02_FirstPassTriangulationFirstRegionClassification.png"
"OVERWRITE","MOD_RECOVERED_ONLY","Documentation\source\developerdocs\mesh\Bajaj2DMovie.mp4"
"OVERWRITE","MOD_RECOVERED_ONLY","Documentation\source\developerdocs\mesh\Bajaj2DMovie_V2_WithRegion.mp4"
"OVERWRITE","MOD_RECOVERED_ONLY","Documentation\source\developerdocs\mesh\Bajaj3DTour.mp4"
"OVERWRITE","MOD_RECOVERED_ONLY","Documentation\source\developerdocs\mesh\FirstPassTriangulationCloseFirstPassRegions2.png"
"OVERWRITE","MOD_RECOVERED_ONLY","Documentation\source\developerdocs\mesh\FirstPassTriangulationCloseFirstPassRegions3.png"
"OVERWRITE","MOD_RECOVERED_ONLY","Documentation\source\developerdocs\mesh\FirstPassTriangulationCloseFirstPassSliceChordGeneration2.png"
"OVERWRITE","MOD_RECOVERED_ONLY","Documentation\source\developerdocs\mesh\FirstPassTriangulationCloseFirstPassSliceChordGeneration3.png"
"OVERWRITE","MOD_RECOVERED_ONLY","Documentation\source\developerdocs\mesh\FirstPassTriangulationCloseFirstPassSliceChordGenerationFaces.png"
"OVERWRITE","MOD_RECOVERED_ONLY","Documentation\source\developerdocs\mesh\FirstPassTriangulationCloseSecondPassRegionClosing3.png"
"OVERWRITE","MOD_RECOVERED_ONLY","Documentation\source\developerdocs\mesh\FirstPassTriangulationCloseSecondPassRegionDetection.png"
"OVERWRITE","MOD_RECOVERED_ONLY","Documentation\source\developerdocs\mesh\FirstPassTriangulationCloseSecondPassRegions.png"
"OVERWRITE","MOD_RECOVERED_ONLY","Documentation\source\developerdocs\mesh\FirstPassTriangulationCloseSecondPassRegionsClosing.png"
"OVERWRITE","MOD_RECOVERED_ONLY","Documentation\source\developerdocs\mesh\FirstPassTriangulationCloseSecondPassRegionsClosing2.png"
"OVERWRITE","MOD_RECOVERED_ONLY","Documentation\source\developerdocs\mesh\FirstPassTriangulationRemoveInvalidEdges.png"
"OVERWRITE","MOD_RECOVERED_ONLY","Documentation\source\developerdocs\mesh\FirstPassTriangulationRemoveInvalidEdgesFaces.png"
"OVERWRITE","MOD_RECOVERED_ONLY","Documentation\source\developerdocs\mesh\FirstPassTriangulationSecondPassRegionDetectionAutoCloseSmallFaces.png"
"OVERWRITE","MOD_RECOVERED_ONLY","Documentation\source\developerdocs\mesh\FirstPassTriangulationSecondPassRegionsClosed.png"
"OVERWRITE","MOD_RECOVERED_ONLY","Documentation\source\developerdocs\mesh\Movie_V2_Frames\00.png"
"OVERWRITE","MOD_RECOVERED_ONLY","Documentation\source\developerdocs\mesh\Movie_V2_Frames\02.png"
"OVERWRITE","MOD_RECOVERED_ONLY","Documentation\source\developerdocs\mesh\Movie_V2_Frames\04.png"
"OVERWRITE","MOD_RECOVERED_ONLY","Documentation\source\developerdocs\mesh\Movie_V2_Frames\05.png"
"OVERWRITE","MOD_RECOVERED_ONLY","Documentation\source\developerdocs\mesh\Movie_V2_Frames\06.png"
"OVERWRITE","MOD_RECOVERED_ONLY","Documentation\source\developerdocs\mesh\Movie_V2_Frames\07.png"
"OVERWRITE","MOD_RECOVERED_ONLY","Documentation\source\developerdocs\mesh\Movie_V2_Frames\08.png"
"OVERWRITE","MOD_RECOVERED_ONLY","Documentation\source\developerdocs\mesh\Movie_V2_Frames\09.png"
"OVERWRITE","MOD_RECOVERED_ONLY","Documentation\source\developerdocs\mesh\Movie_V2_Frames\10.png"
"OVERWRITE","MOD_RECOVERED_ONLY","Documentation\source\developerdocs\mesh\Movie_V2_Frames\11.png"
"OVERWRITE","MOD_RECOVERED_ONLY","Documentation\source\developerdocs\mesh\Movie_V2_Frames\12.png"
"OVERWRITE","MOD_RECOVERED_ONLY","Documentation\source\developerdocs\mesh\Movie_V2_Frames\13.png"
"OVERWRITE","MOD_RECOVERED_ONLY","Documentation\source\developerdocs\mesh\Movie_V2_Frames\14.png"
"OVERWRITE","MOD_RECOVERED_ONLY","Documentation\source\developerdocs\mesh\Movie_V2_Frames\15.png"
"OVERWRITE","MOD_RECOVERED_ONLY","Documentation\source\developerdocs\mesh\Movie_V2_Frames\16.png"
"OVERWRITE","MOD_RECOVERED_ONLY","Documentation\source\developerdocs\mesh\RPC1_2628.png"
"OVERWRITE","MOD_RECOVERED_ONLY","Documentation\source\export\Excel2010_ODataImport1.png"
"OVERWRITE","MOD_RECOVERED_ONLY","Documentation\source\export\Morphology_Export1.jpg"
"OVERWRITE","MOD_RECOVERED_ONLY","Documentation\source\export\Network_2014_11_25.png"
"OVERWRITE","MOD_RECOVERED_ONLY","Documentation\source\Footer.jpg"
"OVERWRITE","MOD_RECOVERED_ONLY","Documentation\source\Footer.png"
"OVERWRITE","MOD_RECOVERED_ONLY","Documentation\source\Footer_V2.png"
"OVERWRITE","MOD_RECOVERED_ONLY","Documentation\source\Footer_V2.psd"
"OVERWRITE","MOD_RECOVERED_ONLY","Documentation\source\server\Architecture.png"
"OVERWRITE","MOD_RECOVERED_ONLY","Documentation\source\server\Identity\IdentityServerOverview.pptx"
"OVERWRITE","MOD_RECOVERED_ONLY","Documentation\source\server\IIS\IISAppSettings.png"
"OVERWRITE","MOD_RECOVERED_ONLY","Documentation\source\server\IIS\IISServerConfig.png"
"OVERWRITE","MOD_RECOVERED_ONLY","Everything.sln"
"OVERWRITE","MOD_RECOVERED_ONLY","Geometry\Meshing\TriangulationMesh.cs"
"OVERWRITE","MOD_RECOVERED_ONLY","GeometryTests\34-37_grid.stos"
"OVERWRITE","MOD_RECOVERED_ONLY","gRPC.sln"
"OVERWRITE","MOD_RECOVERED_ONLY","gRPC_Tests\gRPCAnnotationServiceTests.csproj"
"OVERWRITE","MOD_RECOVERED_ONLY","RTree\RTree.cs"
"OVERWRITE","MOD_RECOVERED_ONLY","Servers\AnnotationDatabase\AnnotationDatabase.dbmdl"
"OVERWRITE","MOD_RECOVERED_ONLY","Servers\AnnotationService\WebAnnotationTest\Service References\AnnotationService\service.xsd"
"OVERWRITE","MOD_RECOVERED_ONLY","Servers\AnnotationVizLibOData\AnnotationVizLibOData.csproj"
"OVERWRITE","MOD_RECOVERED_ONLY","Servers\AnnotationVizLibOData\VikingODataClient.ttinclude"
"OVERWRITE","MOD_RECOVERED_ONLY","Servers\ConnectomeDataModelCore\.config\dotnet-tools.json"
"OVERWRITE","MOD_RECOVERED_ONLY","Servers\ConnectomeDataModelCore\AnnotationContext.cs"
"OVERWRITE","MOD_RECOVERED_ONLY","Servers\ConnectomeDataModelCore\ValueConverters\CurvePolygonConverter.cs"
"OVERWRITE","MOD_RECOVERED_ONLY","Servers\ConnectomeDataModelCoreTests\ConnectomeDataModelCoreTests.csproj"
"OVERWRITE","MOD_RECOVERED_ONLY","Servers\ConnectomeDataModelCoreTests\ContextBuilder.cs"
"OVERWRITE","MOD_RECOVERED_ONLY","Servers\ConnectomeDataModelCoreTests\PermittedStructureLinksTests.cs"
"OVERWRITE","MOD_RECOVERED_ONLY","Servers\ConnectomeDataModelCoreTests\StructureTypeTests.cs"
"OVERWRITE","MOD_RECOVERED_ONLY","Servers\ConnectomicsWebsite\fonts\glyphicons-halflings-regular.eot"
"OVERWRITE","MOD_RECOVERED_ONLY","Servers\ConnectomicsWebsite\fonts\glyphicons-halflings-regular.ttf"
"OVERWRITE","MOD_RECOVERED_ONLY","Servers\ConnectomicsWebsite\Views\Account\ExternalLoginConfirmation.cshtml"
"OVERWRITE","MOD_RECOVERED_ONLY","Servers\DataExport.Tests\Resources\ColorMapping.zip"
"OVERWRITE","MOD_RECOVERED_ONLY","Servers\DataExport.Tests\Resources\ColorMapping\0001_5604_CMPv2.png"
"OVERWRITE","MOD_RECOVERED_ONLY","Servers\DataExport.Tests\Resources\ColorMapping\0030_Glycine_32.png"
"OVERWRITE","MOD_RECOVERED_ONLY","Servers\DataExport.Tests\Resources\ColorMapping\0061_GABA_32.png"
"OVERWRITE","MOD_RECOVERED_ONLY","Servers\DataExport.Tests\Resources\ColorMapping\0090_AGB_32.png"
"OVERWRITE","MOD_RECOVERED_ONLY","Servers\DataExport.Tests\Resources\ColorMapping\0184_GABA_32.png"
"OVERWRITE","MOD_RECOVERED_ONLY","Servers\DataExport.Tests\Resources\ColorMapping\0277_Glycine_32.png"
"OVERWRITE","MOD_RECOVERED_ONLY","Servers\DataExport\Content\themes\base\minified\images\ui-icons_2e83ff_256x240.png"
"OVERWRITE","MOD_RECOVERED_ONLY","Servers\DataExport\Dot\motifs.dot"
"OVERWRITE","MOD_RECOVERED_ONLY","Servers\DataExport\Properties\PublishProfiles\Production_Package.pubxml"
"OVERWRITE","MOD_RECOVERED_ONLY","Servers\DataExport\Scripts\jquery-ui-1.8.20.min.js"
"OVERWRITE","MOD_RECOVERED_ONLY","Servers\DataExport\Scripts\modernizr-2.8.3.js"
"OVERWRITE","MOD_RECOVERED_ONLY","Servers\GrpcAnnotationService\appsettings.Development.json"
"OVERWRITE","MOD_RECOVERED_ONLY","Servers\GrpcAnnotationService\appsettings.json"
"OVERWRITE","MOD_RECOVERED_ONLY","Servers\GrpcAnnotationService\Dockerfile"
"OVERWRITE","MOD_RECOVERED_ONLY","Servers\GrpcAnnotationService\GrpcAnnotationService.csproj"
"OVERWRITE","MOD_RECOVERED_ONLY","Servers\Identity.DataContext\ApplicationDbContext.cs"
"OVERWRITE","MOD_RECOVERED_ONLY","Servers\Identity.DataContext\ApplicationDBContextExtensions.cs"
"OVERWRITE","MOD_RECOVERED_ONLY","Servers\Identity.DataContext\Migrations\ApplicationDbContextModelSnapshot.cs"
"OVERWRITE","MOD_RECOVERED_ONLY","Servers\Identity.Models\Special.cs"
"OVERWRITE","MOD_RECOVERED_ONLY","Servers\IdentityServer\.cursor\rules\composite-keys.mdc"
"OVERWRITE","MOD_RECOVERED_ONLY","Servers\IdentityServer\.cursor\rules\database-connections.mdc"
"OVERWRITE","MOD_RECOVERED_ONLY","Servers\IdentityServer\.cursor\rules\database-migrations-target.mdc"
"OVERWRITE","MOD_RECOVERED_ONLY","Servers\IdentityServer\.cursor\rules\display-attributes.mdc"
"OVERWRITE","MOD_RECOVERED_ONLY","Servers\IdentityServer\.cursor\rules\docker-ports.mdc"
"OVERWRITE","MOD_RECOVERED_ONLY","Servers\IdentityServer\.cursor\rules\docker-secrets-and-variables.mdc"
"OVERWRITE","MOD_RECOVERED_ONLY","Servers\IdentityServer\.cursor\rules\environment-variable-substitution.mdc"
"OVERWRITE","MOD_RECOVERED_ONLY","Servers\IdentityServer\.cursor\rules\navigation-and-computed-properties.mdc"
"OVERWRITE","MOD_RECOVERED_ONLY","Servers\IdentityServer\.cursor\rules\seperate-projects-by-concern.mdc"
"OVERWRITE","MOD_RECOVERED_ONLY","Servers\IdentityServer\.cursor\rules\viking-identity-namespace-use.mdc"
"OVERWRITE","MOD_RECOVERED_ONLY","Servers\IdentityServer\.cursorignore"
"OVERWRITE","MOD_RECOVERED_ONLY","Servers\IdentityServer\.env.All.Development"
"OVERWRITE","MOD_RECOVERED_ONLY","Servers\IdentityServer\.env.All.Production"
"OVERWRITE","MOD_RECOVERED_ONLY","Servers\IdentityServer\certs\cert.pem"
"OVERWRITE","MOD_RECOVERED_ONLY","Servers\IdentityServer\certs\fullchain.pem"
"OVERWRITE","MOD_RECOVERED_ONLY","Servers\IdentityServer\certs\privkey.pem"
"OVERWRITE","MOD_RECOVERED_ONLY","Servers\IdentityServer\Client\Program.cs"
"OVERWRITE","MOD_RECOVERED_ONLY","Servers\IdentityServer\IdentityServer.code-workspace"
"OVERWRITE","MOD_RECOVERED_ONLY","Servers\IdentityServer\IdentityServerStandalone\appsettings.Development.json"
"OVERWRITE","MOD_RECOVERED_ONLY","Servers\IdentityServer\IdentityServerStandalone\appsettings.Docker.json"
"OVERWRITE","MOD_RECOVERED_ONLY","Servers\IdentityServer\IdentityServerStandalone\appsettings.json"
"OVERWRITE","MOD_RECOVERED_ONLY","Servers\IdentityServer\IdentityServerStandalone\Config.cs"
"OVERWRITE","MOD_RECOVERED_ONLY","Servers\IdentityServer\IdentityServerStandalone\IdentityServerVikingClientStore.cs"
"OVERWRITE","MOD_RECOVERED_ONLY","Servers\IdentityServer\source\Host\Properties\PublishProfiles\Release localhost.pubxml"
"OVERWRITE","MOD_RECOVERED_ONLY","Servers\IdentityServer\Viking.Identity.Server.Extensions\Services\EmailSender.cs"
"OVERWRITE","MOD_RECOVERED_ONLY","Servers\IdentityServer\Viking.Identity.Server.Extensions\UserScopeTokenRequestValidator.cs"
"OVERWRITE","MOD_RECOVERED_ONLY","Servers\IdentityServer\Viking.Identity.Server.WebApi\appsettings.Development.json"
"OVERWRITE","MOD_RECOVERED_ONLY","Servers\IdentityServer\Viking.Identity.Server.WebApi\appsettings.Docker.json"
"OVERWRITE","MOD_RECOVERED_ONLY","Servers\IdentityServer\Viking.Identity.Server.WebApi\appsettings.json"
"OVERWRITE","MOD_RECOVERED_ONLY","Servers\IdentityServer\Viking.Identity.Server.WebApi\Dockerfile"
"OVERWRITE","MOD_RECOVERED_ONLY","Servers\IdentityServer\Viking.Identity.Server.WebApi\Program.cs"
"OVERWRITE","MOD_RECOVERED_ONLY","Servers\IdentityServer\Viking.Identity.Server.WebManagement\ApiControllers\PermissionsController.cs"
"OVERWRITE","MOD_RECOVERED_ONLY","Servers\IdentityServer\Viking.Identity.Server.WebManagement\appsettings.Development.json"
"OVERWRITE","MOD_RECOVERED_ONLY","Servers\IdentityServer\Viking.Identity.Server.WebManagement\appsettings.json"
"OVERWRITE","MOD_RECOVERED_ONLY","Servers\IdentityServer\Viking.Identity.Server.WebManagement\Config.cs"
"OVERWRITE","MOD_RECOVERED_ONLY","Servers\IdentityServer\Viking.Identity.Server.WebManagement\Controllers\AccountController.cs"
"OVERWRITE","MOD_RECOVERED_ONLY","Servers\IdentityServer\Viking.Identity.Server.WebManagement\Controllers\GrantedPermissionsController.cs"
"OVERWRITE","MOD_RECOVERED_ONLY","Servers\IdentityServer\Viking.Identity.Server.WebManagement\Controllers\GroupsController.cs"
"OVERWRITE","MOD_RECOVERED_ONLY","Servers\IdentityServer\Viking.Identity.Server.WebManagement\Controllers\ManageController.cs"
"OVERWRITE","MOD_RECOVERED_ONLY","Servers\IdentityServer\Viking.Identity.Server.WebManagement\Controllers\MyAccessController.cs"
"OVERWRITE","MOD_RECOVERED_ONLY","Servers\IdentityServer\Viking.Identity.Server.WebManagement\Controllers\OrganizationalUnitsController.cs"
"OVERWRITE","MOD_RECOVERED_ONLY","Servers\IdentityServer\Viking.Identity.Server.WebManagement\Extensions\UrlHelperExtensions.cs"
"OVERWRITE","MOD_RECOVERED_ONLY","Servers\IdentityServer\Viking.Identity.Server.WebManagement\Views\ApplicationUsers\Delete.cshtml"
"OVERWRITE","MOD_RECOVERED_ONLY","Servers\IdentityServer\Viking.Identity.Server.WebManagement\Views\Groups\Details.cshtml"
"OVERWRITE","MOD_RECOVERED_ONLY","Servers\IdentityServer\Viking.Identity.Server.WebManagement\Views\Groups\Index.cshtml"
"OVERWRITE","MOD_RECOVERED_ONLY","Servers\IdentityServer\Viking.Identity.Server.WebManagement\Views\OrganizationalUnits\Details.cshtml"
"OVERWRITE","MOD_RECOVERED_ONLY","Servers\IdentityServer\Viking.Identity.Server.WebManagement\Views\Volumes\Details.cshtml"
"OVERWRITE","MOD_RECOVERED_ONLY","Servers\IdentityServer\Viking.Identity.Server.WebManagement\wwwroot\images\banners\VikingBanner1.jpg"
"OVERWRITE","MOD_RECOVERED_ONLY","Servers\IdentityServer\Viking.Identity.Server.WebManagement\wwwroot\images\Network_2014_11_25_Original.png"
"OVERWRITE","MOD_RECOVERED_ONLY","Servers\IdentityServer\Viking.Identity.Server.WebManagement\wwwroot\lib\jquery\dist\jquery.js"
"OVERWRITE","MOD_RECOVERED_ONLY","Servers\Libs\EntityFrameworkExtras\EntityFrameworkExtras.EF5\EntityFrameworkExtras.EF5.nuspec"
"OVERWRITE","MOD_RECOVERED_ONLY","Servers\Libs\EntityFrameworkExtras\EntityFrameworkExtras.EF6.Tests\Integration\App.config"
"OVERWRITE","MOD_RECOVERED_ONLY","Servers\Neo4JGenerator\nw-ALL_hops_1.json"
"OVERWRITE","MOD_RECOVERED_ONLY","Servers\Neo4JService\Content\bootstrap.css"
"OVERWRITE","MOD_RECOVERED_ONLY","Servers\Neo4JService\Scripts\bootstrap.js"
"OVERWRITE","MOD_RECOVERED_ONLY","Servers\SQL\SQL.dbmdl"
"OVERWRITE","MOD_RECOVERED_ONLY","Servers\SQL\SQL.sqlproj"
"OVERWRITE","MOD_RECOVERED_ONLY","Servers\WebVisualization\Content\Brain-Connections.jpg"
"OVERWRITE","MOD_RECOVERED_ONLY","Servers\WebVisualization\Content\cupertino\images\ui-icons_2694e8_256x240.png"
"OVERWRITE","MOD_RECOVERED_ONLY","Servers\WebVisualization\Content\cupertino\images\ui-icons_ffffff_256x240.png"
"OVERWRITE","MOD_RECOVERED_ONLY","Servers\WebVisualization\Content\icons\1301233551_clock-monotone-time.ico"
"OVERWRITE","MOD_RECOVERED_ONLY","Servers\WebVisualization\Content\icons\1301233667_close-delete-exit-monotone.ico"
"OVERWRITE","MOD_RECOVERED_ONLY","Servers\WebVisualization\Content\icons\1301233691_computer-monitor-monotone-screen.ico"
"OVERWRITE","MOD_RECOVERED_ONLY","Servers\WebVisualization\Content\icons\1301931590_old-edit-redo.ico"
"OVERWRITE","MOD_RECOVERED_ONLY","Servers\WebVisualization\Content\icons\arrow.ico"
"OVERWRITE","MOD_RECOVERED_ONLY","Servers\WebVisualization\Content\icons\right.ico"
"OVERWRITE","MOD_RECOVERED_ONLY","Servers\WebVisualization\Content\images\colorpicker_background.png"
"OVERWRITE","MOD_RECOVERED_ONLY","Servers\WebVisualization\Content\images\colorpicker_hsb_b.png"
"OVERWRITE","MOD_RECOVERED_ONLY","Servers\WebVisualization\Content\loading\loading2.gif"
"OVERWRITE","MOD_RECOVERED_ONLY","Servers\WebVisualization\Content\loading\loading20.gif"
"OVERWRITE","MOD_RECOVERED_ONLY","Servers\WebVisualization\Content\loading\loading50.gif"
"OVERWRITE","MOD_RECOVERED_ONLY","Servers\WebVisualization\Content\marclab.png"
"OVERWRITE","MOD_RECOVERED_ONLY","Servers\WebVisualization\Content\redmond\images\ui-icons_469bdd_256x240.png"
"OVERWRITE","MOD_RECOVERED_ONLY","Servers\WebVisualization\Content\redmond\images\ui-icons_cd0a0a_256x240.png"
"OVERWRITE","MOD_RECOVERED_ONLY","Servers\WebVisualization\Files\Global\MarcLab(connectome.utah.edu)_Rabbit(MarcLab)_476_2_reduced_nonpositioned.json"
"OVERWRITE","MOD_RECOVERED_ONLY","Servers\WebVisualization\flex\Structure3D.zip"
"OVERWRITE","MOD_RECOVERED_ONLY","Servers\WebVisualization\Models\DataClasses1.dbml"
"OVERWRITE","MOD_RECOVERED_ONLY","Servers\WebVisualization\Models\DataClasses1.designer.cs"
"OVERWRITE","MOD_RECOVERED_ONLY","Servers\WebVisualization\Scripts\jquery\grid\js\jquery.jqGrid.src.js"
"OVERWRITE","MOD_RECOVERED_ONLY","Servers\WebVisualization\Scripts\jquery\themes\base\images\ui-icons_888888_256x240.png"
"OVERWRITE","MOD_RECOVERED_ONLY","Servers\WebVisualization\Scripts\jquery\themes\redmond\images\ui-icons_2e83ff_256x240.png"
"OVERWRITE","MOD_RECOVERED_ONLY","Servers\WebVisualization\Scripts\jquery\themes\redmond\images\ui-icons_469bdd_256x240.png"
"OVERWRITE","MOD_RECOVERED_ONLY","Servers\WebVisualization\Scripts\jquery\themes\redmond\images\ui-icons_cd0a0a_256x240.png"
"OVERWRITE","MOD_RECOVERED_ONLY","Servers\WebVisualization\Scripts\jquery\themes\redmond\images\ui-icons_d8e7f3_256x240.png"
"OVERWRITE","MOD_RECOVERED_ONLY","Servers\WebVisualization\Scripts\jquery\ui\i18n\jquery.ui.datepicker-es.js"
"OVERWRITE","MOD_RECOVERED_ONLY","Servers\WebVisualization\Scripts\jquery\ui\i18n\jquery.ui.datepicker-rm.js"
"OVERWRITE","MOD_RECOVERED_ONLY","Servers\WebVisualization\Scripts\jquery\ui\jquery-ui-1.8.23.custom.js"
"OVERWRITE","MOD_RECOVERED_ONLY","Servers\WebVisualization\Scripts\jquery-1.3.2.min-vsdoc.js"
"OVERWRITE","MOD_RECOVERED_ONLY","Servers\WebVisualization\Scripts\jquery-1.4.1.min.js"
"OVERWRITE","MOD_RECOVERED_ONLY","Servers\WebVisualization\Scripts\js\jquery.jqGrid.min.js"
"OVERWRITE","MOD_RECOVERED_ONLY","Servers\WebVisualization\Scripts\js\jquery.min.js"
"OVERWRITE","MOD_RECOVERED_ONLY","Servers\WebVisualization\Scripts\js\jquery.tablednd.js~4132752fb63ed41d8ab56f6e3baa9d44672915a4"
"OVERWRITE","MOD_RECOVERED_ONLY","Servers\WebVisualization\Scripts\js\src\grid.formedit.js"
"OVERWRITE","MOD_RECOVERED_ONLY","Servers\WebVisualization\Scripts\svg.js"
"OVERWRITE","MOD_RECOVERED_ONLY","Servers\WebVisualization\Service References\AnnotationService\Annotate42.xsd"
"OVERWRITE","MOD_RECOVERED_ONLY","Servers\WebVisualization\Service References\AnnotationService\Annotation.xsd"
"OVERWRITE","MOD_RECOVERED_ONLY","Servers\WebVisualization\Service References\AnnotationService\Reference.svcmap"
"OVERWRITE","MOD_RECOVERED_ONLY","Servers\WebVisualization\Service References\AnnotationService\service3.xsd"
"OVERWRITE","MOD_RECOVERED_ONLY","Servers\WebVisualization\Service References\AnnotationService\service31.xsd"
"OVERWRITE","MOD_RECOVERED_ONLY","Servers\WebVisualization\SynapticStats.zip"
"OVERWRITE","MOD_RECOVERED_ONLY","Servers\WebVisualization\Views\Circuit\Index.aspx"
"OVERWRITE","MOD_RECOVERED_ONLY","Servers\WebVisualization\Views\Profile\Manage.aspx"
"OVERWRITE","MOD_RECOVERED_ONLY","Triangle.NET\Triangle\Mesh.cs"
"OVERWRITE","MOD_RECOVERED_ONLY","Triangle.NET\Triangle\RobustPredicates.cs"
"ADD","NEW_CLEAN","Clients\Viking\Content\LocalBookmarks\AnnotationOverlayShader.fx"
"ADD","NEW_CLEAN","Clients\Viking\Content\LocalBookmarks\Arial.spritefont"
"ADD","NEW_CLEAN","Clients\Viking\Content\LocalBookmarks\RGBToHSV.fx"
"ADD","NEW_CLEAN","Clients\Viking\Content\LocalBookmarks\RoundCurve.fx"
"ADD","NEW_CLEAN","Clients\Viking\Content\LocalBookmarks\RoundCurveHSV.fx"
"ADD","NEW_CLEAN","Clients\Viking\Content\LocalBookmarks\RoundLine.fx"
"ADD","NEW_CLEAN","Clients\Viking\Content\LocalBookmarks\RoundLineHSV.fx"
"ADD","NEW_CLEAN","Clients\Viking\Content\LocalBookmarks\TileLayout.fx"
"ADD","NEW_CLEAN","Clients\Viking\Content\VikingXNAGraphics\AnnotationOverlayShader.fx"
"ADD","NEW_CLEAN","Clients\Viking\Content\VikingXNAGraphics\Arial.spritefont"
"ADD","NEW_CLEAN","Clients\Viking\Content\VikingXNAGraphics\ChannelOverlayShader.fx"
"ADD","NEW_CLEAN","Clients\Viking\Content\VikingXNAGraphics\MergeHSVImages.fx"
"ADD","NEW_CLEAN","Clients\Viking\Content\VikingXNAGraphics\RGBToHSV.fx"
"ADD","NEW_CLEAN","Clients\Viking\Content\VikingXNAGraphics\RoundCurve.fx"
"ADD","NEW_CLEAN","Clients\Viking\Content\VikingXNAGraphics\RoundLine.fx"
"ADD","NEW_CLEAN","Clients\Viking\Content\VikingXNAGraphics\RoundLineHSV.fx"
"ADD","NEW_CLEAN","Clients\Viking\Content\VikingXNAGraphics\TileLayout.fx"
"ADD","NEW_CLEAN","Clients\Viking\Viking\Content\AnnotationOverlayShader.fx"
"ADD","NEW_CLEAN","Clients\Viking\Viking\Content\Arial.spritefont"
"ADD","NEW_CLEAN","Clients\Viking\Viking\Content\ChannelOverlayShader.fx"
"ADD","NEW_CLEAN","Clients\Viking\Viking\Content\MergeHSVImages.fx"
"ADD","NEW_CLEAN","Clients\Viking\Viking\Content\RGBToHSV.fx"
"ADD","NEW_CLEAN","Clients\Viking\Viking\Content\RoundCurve.fx"
"ADD","NEW_CLEAN","Clients\Viking\Viking\Content\RoundCurveHSV.fx"
"ADD","NEW_CLEAN","Clients\Viking\Viking\Content\RoundLine.fx"
"ADD","NEW_CLEAN","Clients\Viking\Viking\Content\RoundLineHSV.fx"
"ADD","NEW_CLEAN","Clients\Viking\Viking\Content\TileLayout.fx"
"ADD","NEW_CLEAN","Clients\Viking\Viking\Content\VikingXNAGraphics\AnnotationOverlayShader.fx"
"ADD","NEW_CLEAN","Clients\Viking\Viking\Content\VikingXNAGraphics\Arial.spritefont"
"ADD","NEW_CLEAN","Clients\Viking\Viking\Content\VikingXNAGraphics\ChannelOverlayShader.fx"
"ADD","NEW_CLEAN","Clients\Viking\Viking\Content\VikingXNAGraphics\MergeHSVImages.fx"
"ADD","NEW_CLEAN","Clients\Viking\Viking\Content\VikingXNAGraphics\RoundCurve.fx"
"ADD","NEW_CLEAN","Clients\Viking\Viking\Content\VikingXNAGraphics\RoundCurveHSV.fx"
"ADD","NEW_CLEAN","Clients\Viking\Viking\Content\VikingXNAGraphics\RoundLine.fx"
"ADD","NEW_CLEAN","Clients\Viking\Viking\Content\VikingXNAGraphics\RoundLineHSV.fx"
"ADD","NEW_CLEAN","Clients\Viking\Viking\Content\VikingXNAGraphics\TileLayout.fx"
"ADD","NEW_CLEAN","Clients\WebAnnotationModel.gRPC.Tests\Startup.cs"
"ADD","NEW_CLEAN","DataObjects.dgml"
"ADD","NEW_CLEAN","GeometryTests\TestAssemblySignature.snk"
"ADD","NEW_CLEAN","gRPC_Tests\appsettings.Development.json"
"ADD","NEW_CLEAN","gRPC_Tests\Startup.cs"
"ADD","NEW_CLEAN","Servers\ConnectomeDataModelCore\AnnotationContext.dgml"
"ADD","NEW_CLEAN","Servers\ConnectomeDataModelCore\Migrations\20220412195031_InitialMigration.cs"
"ADD","NEW_CLEAN","Servers\ConnectomeDataModelCore\Migrations\AnnotationContextModelSnapshot.cs"
"ADD","NEW_CLEAN","Servers\GrpcAnnotationService\Dockerfile.original"
"ADD","NEW_CLEAN","Servers\Identity.DataContext\Migrations\20260203215937_AddAnonymousGroup.cs"
"ADD","NEW_CLEAN","Servers\Identity.DataContext\Migrations\20260203215937_AddAnonymousGroup.Designer.cs"
"ADD","NEW_CLEAN","Servers\Identity.DataContext\Migrations\20260212102242_AddVikingLaunchCodes.cs"
"ADD","NEW_CLEAN","Servers\Identity.DataContext\Migrations\20260212102242_AddVikingLaunchCodes.Designer.cs"
"ADD","NEW_CLEAN","Servers\Identity.Models\VikingLaunchCode.cs"
"ADD","NEW_CLEAN","Servers\IdentityServer.code-workspace"
"ADD","NEW_CLEAN","Servers\IdentityServer\certs\star_codepharm.pfx"
"ADD","NEW_CLEAN","Servers\IdentityServer\IdentityServerStandalone\VikingUserTokenGrantValidator.cs"
"ADD","NEW_CLEAN","Servers\IdentityServer\scripts\acquire-certificate.sh"
"ADD","NEW_CLEAN","Servers\IdentityServer\scripts\IdentityServer.code-workspace"
"ADD","NEW_CLEAN","Servers\IdentityServer\scripts\start-services.sh"
"ADD","NEW_CLEAN","Servers\IdentityServer\setup-secrets.ps1"
"ADD","NEW_CLEAN","Servers\IdentityServer\Viking.Identity.Server.Extensions\Services\AuthenticationService.cs"
"ADD","NEW_CLEAN","Servers\IdentityServer\Viking.Identity.Server.Extensions\Services\DebugLoggingOptions.cs"
"ADD","NEW_CLEAN","Servers\IdentityServer\Viking.Identity.Server.Extensions\Services\DebugLoggingService.cs"
"ADD","NEW_CLEAN","Servers\IdentityServer\Viking.Identity.Server.Extensions\Services\IAuthenticationService.cs"
"ADD","NEW_CLEAN","Servers\IdentityServer\Viking.Identity.Server.Extensions\Services\IDebugLoggingService.cs"
"ADD","NEW_CLEAN","Servers\IdentityServer\Viking.Identity.Server.Extensions\Services\IPermissionService.cs"
"ADD","NEW_CLEAN","Servers\IdentityServer\Viking.Identity.Server.Extensions\Services\LoggerExtensions.cs"
"ADD","NEW_CLEAN","Servers\IdentityServer\Viking.Identity.Server.Extensions\Services\PermissionService.cs"
"ADD","NEW_CLEAN","Servers\IdentityServer\Viking.Identity.Server.Extensions\Services\UserResourcePermissions.cs"
"ADD","NEW_CLEAN","Servers\IdentityServer\Viking.Identity.Server.Extensions\Services\VolumeTreeNode.cs"
"ADD","NEW_CLEAN","Servers\IdentityServer\Viking.Identity.Server.WebApi\Controllers\DebugLoggingController.cs"
"ADD","NEW_CLEAN","Servers\IdentityServer\Viking.Identity.Server.WebApi\Controllers\VikingLaunchController.cs"
"ADD","NEW_CLEAN","Servers\IdentityServer\Viking.Identity.Server.WebManagement\Controllers\VikingLaunchController.cs"
"ADD","NEW_CLEAN","Servers\IdentityServer\Viking.Identity.Server.WebManagement\Views\GrantedPermissions\Index.cshtml"
"ADD","NEW_CLEAN","src\AnnotationService.WcfProxy\AnnotateLocations.svc"
"ADD","NEW_CLEAN","src\AnnotationService.WcfProxy\AnnotateLocations.svc.cs"
"ADD","NEW_CLEAN","src\AnnotationService.WcfProxy\AnnotationPoint.cs"
"ADD","NEW_CLEAN","src\AnnotationService.WcfProxy\AnnotationService.WcfProxy.csproj"
"ADD","NEW_CLEAN","src\AnnotationService.WcfProxy\AnnotationSet.cs"
"ADD","NEW_CLEAN","src\AnnotationService.WcfProxy\BoundingRectangle.cs"
"ADD","NEW_CLEAN","src\AnnotationService.WcfProxy\IAnnotateLocations.cs"
"ADD","NEW_CLEAN","src\AnnotationService.WcfProxy\Location.cs"
"ADD","NEW_CLEAN","src\AnnotationService.WcfProxy\LocationHistory.cs"
"ADD","NEW_CLEAN","src\AnnotationService.WcfProxy\LocationLink.cs"
"ADD","NEW_CLEAN","src\AnnotationService.WcfProxy\packages.config"
"ADD","NEW_CLEAN","src\AnnotationService.WcfProxy\Properties\AssemblyInfo.cs"
"ADD","NEW_CLEAN","src\AnnotationService.WcfProxy\Protos\AnnotationPoint.Conversions.cs"
"ADD","NEW_CLEAN","src\AnnotationService.WcfProxy\Protos\AnnotationSet.Conversions.cs"
"ADD","NEW_CLEAN","src\AnnotationService.WcfProxy\Protos\BoundingRectangle.Conversions.cs"
"ADD","NEW_CLEAN","src\AnnotationService.WcfProxy\Protos\g_rpcannotation_service_core.proto"
"ADD","NEW_CLEAN","src\AnnotationService.WcfProxy\Protos\Location.Conversions.cs"
"ADD","NEW_CLEAN","src\AnnotationService.WcfProxy\Protos\LocationHistory.Conversions.cs"
"ADD","NEW_CLEAN","src\AnnotationService.WcfProxy\Protos\LocationLink.Conversions.cs"
"ADD","NEW_CLEAN","src\AnnotationService.WcfProxy\Protos\Structure.Conversions.cs"
"ADD","NEW_CLEAN","src\AnnotationService.WcfProxy\Structure.cs"
"ADD","NEW_CLEAN","src\AnnotationService.WcfProxy\Web.config"
"ADD","NEW_CLEAN","src\AnnotationService.WcfProxy\Web.Debug.config"
"ADD","NEW_CLEAN","src\AnnotationService.WcfProxy\Web.Release.config"
"ADD","NEW_CLEAN","src\AnnotationService\AnnotateService.cs"
"ADD","NEW_CLEAN","src\AnnotationService\AnnotationService.csproj"
"ADD","NEW_CLEAN","src\AnnotationService\appsettings.json"
"ADD","NEW_CLEAN","src\AnnotationService\GraphClasses\Edgex.cs"
"ADD","NEW_CLEAN","src\AnnotationService\GraphClasses\Graphx.cs"
"ADD","NEW_CLEAN","src\AnnotationService\GraphClasses\LocationInfo.cs"
"ADD","NEW_CLEAN","src\AnnotationService\GraphClasses\SynapseObject.cs"
"ADD","NEW_CLEAN","src\AnnotationService\GraphClasses\SynapseStats.cs"
"ADD","NEW_CLEAN","src\AnnotationService\Service\Interfaces\ICircuit.cs"
"ADD","NEW_CLEAN","src\AnnotationService\SqlServerTypes\Utilities.cs"
"ADD","NEW_CLEAN","src\AnnotationServiceTypes\AnnotationServiceTypes.csproj"
"ADD","NEW_CLEAN","src\AnnotationServiceTypes\ColumnAttribute.cs"
"ADD","NEW_CLEAN","src\AnnotationServiceTypes\Interfaces\IAnnotateLocations.cs"
"ADD","NEW_CLEAN","src\AnnotationServiceTypes\Interfaces\IAnnotatePermittedStructureLinks.cs"
"ADD","NEW_CLEAN","src\AnnotationServiceTypes\Interfaces\IAnnotateStructures.cs"
"ADD","NEW_CLEAN","src\AnnotationServiceTypes\Interfaces\IAnnotateStructureTypes.cs"
"ADD","NEW_CLEAN","src\AnnotationServiceTypes\Interfaces\ICredentials.cs"
"ADD","NEW_CLEAN","src\AnnotationServiceTypes\Interfaces\IVolumeMeta.cs"
"ADD","NEW_CLEAN","src\AnnotationServiceTypes\Types\AnnotationPoint.cs"
"ADD","NEW_CLEAN","src\AnnotationServiceTypes\Types\AnnotationSet.cs"
"ADD","NEW_CLEAN","src\AnnotationServiceTypes\Types\AxisUnits.cs"
"ADD","NEW_CLEAN","src\AnnotationServiceTypes\Types\BoundingRectangle.cs"
"ADD","NEW_CLEAN","src\AnnotationServiceTypes\Types\CreateStructureRetval.cs"
"ADD","NEW_CLEAN","src\AnnotationServiceTypes\Types\DataObject.cs"
"ADD","NEW_CLEAN","src\AnnotationServiceTypes\Types\DataObjectWithKeyOfLong.cs"
"ADD","NEW_CLEAN","src\AnnotationServiceTypes\Types\DataObjectWithParentOfLong.cs"
"ADD","NEW_CLEAN","src\AnnotationServiceTypes\Types\DBACTION.cs"
"ADD","NEW_CLEAN","src\AnnotationServiceTypes\Types\Location.cs"
"ADD","NEW_CLEAN","src\AnnotationServiceTypes\Types\LocationHistory.cs"
"ADD","NEW_CLEAN","src\AnnotationServiceTypes\Types\LocationLink.cs"
"ADD","NEW_CLEAN","src\AnnotationServiceTypes\Types\LocationPositionOnly.cs"
"ADD","NEW_CLEAN","src\AnnotationServiceTypes\Types\PermittedStructureLink.cs"
"ADD","NEW_CLEAN","src\AnnotationServiceTypes\Types\Scale.cs"
"ADD","NEW_CLEAN","src\AnnotationServiceTypes\Types\Structure.cs"
"ADD","NEW_CLEAN","src\AnnotationServiceTypes\Types\StructureLink.cs"
"ADD","NEW_CLEAN","src\AnnotationServiceTypes\Types\StructureType.cs"
"ADD","NEW_CLEAN","src\EntityFrameworkExtras.EF6\ColumnInformation.cs"
"ADD","NEW_CLEAN","src\EntityFrameworkExtras.EF6\DatabaseExtensions.cs"
"ADD","NEW_CLEAN","src\EntityFrameworkExtras.EF6\EntityFrameworkExtras.EF6.csproj"
"ADD","NEW_CLEAN","src\EntityFrameworkExtras.EF6\StoredProcedureAttribute.cs"
"ADD","NEW_CLEAN","src\EntityFrameworkExtras.EF6\StoredProcedureInfo.cs"
"ADD","NEW_CLEAN","src\EntityFrameworkExtras.EF6\StoredProcedureParameterAttribute.cs"
"ADD","NEW_CLEAN","src\EntityFrameworkExtras.EF6\StoredProcedureParameterOptions.cs"
"ADD","NEW_CLEAN","src\EntityFrameworkExtras.EF6\StoredProcedureParserHelper.cs"
"ADD","NEW_CLEAN","src\EntityFrameworkExtras.EF6\UserDefinedTableGenerator.cs"
"ADD","NEW_CLEAN","src\EntityFrameworkExtras.EF6\UserDefinedTableTypeAttribute.cs"
"ADD","NEW_CLEAN","src\EntityFrameworkExtras.EF6\UserDefinedTableTypeColumnAttribute.cs"
"ADD","NEW_CLEAN","src\gRPCAnnotationServiceCore.Client\AnnotateLocationsClient.cs"
"ADD","NEW_CLEAN","src\gRPCAnnotationServiceCore.Client\AnnotationPoint.cs"
"ADD","NEW_CLEAN","src\gRPCAnnotationServiceCore.Client\AnnotationSet.cs"
"ADD","NEW_CLEAN","src\gRPCAnnotationServiceCore.Client\BoundingRectangle.cs"
"ADD","NEW_CLEAN","src\gRPCAnnotationServiceCore.Client\gRPCAnnotationServiceCore.Client.csproj"
"ADD","NEW_CLEAN","src\gRPCAnnotationServiceCore.Client\IAnnotateLocationsClient.cs"
"ADD","NEW_CLEAN","src\gRPCAnnotationServiceCore.Client\LocationHistory.cs"
"ADD","NEW_CLEAN","src\gRPCAnnotationServiceCore.Client\LocationLink.cs"
"ADD","NEW_CLEAN","src\gRPCAnnotationServiceCore.Client\Protos\AnnotationPoint.Conversions.cs"
"ADD","NEW_CLEAN","src\gRPCAnnotationServiceCore.Client\Protos\AnnotationSet.Conversions.cs"
"ADD","NEW_CLEAN","src\gRPCAnnotationServiceCore.Client\Protos\BoundingRectangle.Conversions.cs"
"ADD","NEW_CLEAN","src\gRPCAnnotationServiceCore.Client\Protos\g_rpcannotation_service_core.proto"
"ADD","NEW_CLEAN","src\gRPCAnnotationServiceCore.Client\Protos\Location.Conversions.cs"
"ADD","NEW_CLEAN","src\gRPCAnnotationServiceCore.Client\Protos\LocationHistory.Conversions.cs"
"ADD","NEW_CLEAN","src\gRPCAnnotationServiceCore.Client\Protos\LocationLink.Conversions.cs"
"ADD","NEW_CLEAN","src\gRPCAnnotationServiceCore.Client\Protos\Structure.Conversions.cs"
"ADD","NEW_CLEAN","src\gRPCAnnotationServiceCore.Client\Structure.cs"
"ADD","NEW_CLEAN","src\gRPCAnnotationServiceCore\appsettings.Development.json"
"ADD","NEW_CLEAN","src\gRPCAnnotationServiceCore\appsettings.json"
"ADD","NEW_CLEAN","src\gRPCAnnotationServiceCore\gRPCAnnotationServiceCore.csproj"
"ADD","NEW_CLEAN","src\gRPCAnnotationServiceCore\Program.cs"
"ADD","NEW_CLEAN","src\gRPCAnnotationServiceCore\Properties\launchSettings.json"
"ADD","NEW_CLEAN","src\gRPCAnnotationServiceCore\Protos\AnnotationPoint.Conversions.cs"
"ADD","NEW_CLEAN","src\gRPCAnnotationServiceCore\Protos\AnnotationSet.Conversions.cs"
"ADD","NEW_CLEAN","src\gRPCAnnotationServiceCore\Protos\BoundingRectangle.Conversions.cs"
"ADD","NEW_CLEAN","src\gRPCAnnotationServiceCore\Protos\g_rpcannotation_service_core.proto"
"ADD","NEW_CLEAN","src\gRPCAnnotationServiceCore\Protos\Location.Conversions.cs"
"ADD","NEW_CLEAN","src\gRPCAnnotationServiceCore\Protos\LocationHistory.Conversions.cs"
"ADD","NEW_CLEAN","src\gRPCAnnotationServiceCore\Protos\LocationLink.Conversions.cs"
"ADD","NEW_CLEAN","src\gRPCAnnotationServiceCore\Protos\Structure.Conversions.cs"
"ADD","NEW_CLEAN","src\gRPCAnnotationServiceCore\Services\AnnotateLocations.cs"
"ADD","NEW_CLEAN","src\gRPCAnnotationServiceCore\Startup.cs"
"ADD","NEW_CLEAN","src\VikingWebAppSettings\AppSettings.cs"
"ADD","NEW_CLEAN","src\VikingWebAppSettings\VikingWebAppSettings.csproj"
"ADD","NEW_CLEAN","Triangle.NET\TestApp\Controls\AngleHistogram.cs"
"ADD","NEW_CLEAN","Triangle.NET\TestApp\Controls\ColorScheme.cs"
"ADD","NEW_CLEAN","Triangle.NET\TestApp\Controls\DarkButton.cs"
"ADD","NEW_CLEAN","Triangle.NET\TestApp\Controls\DarkCheckBox.cs"
"ADD","NEW_CLEAN","Triangle.NET\TestApp\Controls\DarkListBox.cs"
"ADD","NEW_CLEAN","Triangle.NET\TestApp\Controls\DarkSlider.cs"
"ADD","NEW_CLEAN","Triangle.NET\TestApp\Controls\DarkTabControl.cs"
"ADD","NEW_CLEAN","Triangle.NET\TestApp\Controls\DarkTextBox.cs"
"ADD","NEW_CLEAN","Triangle.NET\TestApp\Controls\DarkToolStripRenderer.cs"
"ADD","NEW_CLEAN","Triangle.NET\TestApp\DarkMessageBox.cs"
"ADD","NEW_CLEAN","Triangle.NET\TestApp\FormExport.cs"
"ADD","NEW_CLEAN","Triangle.NET\TestApp\FormExport.Designer.cs"
"ADD","NEW_CLEAN","Triangle.NET\TestApp\FormGenerator.cs"
"ADD","NEW_CLEAN","Triangle.NET\TestApp\FormGenerator.Designer.cs"
"ADD","NEW_CLEAN","Triangle.NET\TestApp\FormGenerator.resx"
"ADD","NEW_CLEAN","Triangle.NET\TestApp\FormLog.cs"
"ADD","NEW_CLEAN","Triangle.NET\TestApp\FormLog.Designer.cs"
"ADD","NEW_CLEAN","Triangle.NET\TestApp\FormLog.resx"
"ADD","NEW_CLEAN","Triangle.NET\TestApp\FormMain.cs"
"ADD","NEW_CLEAN","Triangle.NET\TestApp\FormMain.Designer.cs"
"ADD","NEW_CLEAN","Triangle.NET\TestApp\FormMain.resx"
"ADD","NEW_CLEAN","Triangle.NET\TestApp\FormTopology.cs"
"ADD","NEW_CLEAN","Triangle.NET\TestApp\FormTopology.Designer.cs"
"ADD","NEW_CLEAN","Triangle.NET\TestApp\FormTopology.resx"
"ADD","NEW_CLEAN","Triangle.NET\TestApp\Generators\BaseGenerator.cs"
"ADD","NEW_CLEAN","Triangle.NET\TestApp\Generators\BoxWithHole.cs"
"ADD","NEW_CLEAN","Triangle.NET\TestApp\Generators\CircleWithHole.cs"
"ADD","NEW_CLEAN","Triangle.NET\TestApp\Generators\IGenerator.cs"
"ADD","NEW_CLEAN","Triangle.NET\TestApp\Generators\RandomPoints.cs"
"ADD","NEW_CLEAN","Triangle.NET\TestApp\Generators\RandomPointsCircle.cs"
"ADD","NEW_CLEAN","Triangle.NET\TestApp\Generators\RingPolygon.cs"
"ADD","NEW_CLEAN","Triangle.NET\TestApp\Generators\StarInBox.cs"
"ADD","NEW_CLEAN","Triangle.NET\TestApp\GenericEventArgs.cs"
"ADD","NEW_CLEAN","Triangle.NET\TestApp\IO\FileProcessor.cs"
"ADD","NEW_CLEAN","Triangle.NET\TestApp\IO\Formats\JsonFile.cs"
"ADD","NEW_CLEAN","Triangle.NET\TestApp\IO\Formats\TriangleFile.cs"
"ADD","NEW_CLEAN","Triangle.NET\TestApp\IO\ImageWriter.cs"
"ADD","NEW_CLEAN","Triangle.NET\TestApp\IO\IMeshFile.cs"
"ADD","NEW_CLEAN","Triangle.NET\TestApp\IO\JsonParser.cs"
"ADD","NEW_CLEAN","Triangle.NET\TestApp\Mesh Explorer.csproj"
"ADD","NEW_CLEAN","Triangle.NET\TestApp\Mesh Explorer.csproj.vspscc"
"ADD","NEW_CLEAN","Triangle.NET\TestApp\Program.cs"
"ADD","NEW_CLEAN","Triangle.NET\TestApp\Properties\AssemblyInfo.cs"
"ADD","NEW_CLEAN","Triangle.NET\TestApp\Settings.cs"
"ADD","NEW_CLEAN","Triangle.NET\TestApp\Topology\TopologyControlView.cs"
"ADD","NEW_CLEAN","Triangle.NET\TestApp\Topology\TopologyControlView.Designer.cs"
"ADD","NEW_CLEAN","Triangle.NET\TestApp\Topology\TopologyControlView.resx"
"ADD","NEW_CLEAN","Triangle.NET\TestApp\Topology\TopologyRenderControl.cs"
"ADD","NEW_CLEAN","Triangle.NET\TestApp\Topology\TopologyRenderer.cs"
"ADD","NEW_CLEAN","Triangle.NET\TestApp\Util.cs"
"ADD","NEW_CLEAN","Triangle.NET\TestApp\Views\AboutView.cs"
"ADD","NEW_CLEAN","Triangle.NET\TestApp\Views\AboutView.Designer.cs"
"ADD","NEW_CLEAN","Triangle.NET\TestApp\Views\AboutView.resx"
"ADD","NEW_CLEAN","Triangle.NET\TestApp\Views\IView.cs"
"ADD","NEW_CLEAN","Triangle.NET\TestApp\Views\MeshControlView.cs"
"ADD","NEW_CLEAN","Triangle.NET\TestApp\Views\MeshControlView.Designer.cs"
"ADD","NEW_CLEAN","Triangle.NET\TestApp\Views\MeshControlView.resx"
"ADD","NEW_CLEAN","Triangle.NET\TestApp\Views\StatisticView.cs"
"ADD","NEW_CLEAN","Triangle.NET\TestApp\Views\StatisticView.Designer.cs"
"ADD","NEW_CLEAN","Triangle.NET\TestApp\Views\StatisticView.resx"
"ADD","NEW_CLEAN","Triangle.NET\Triangle.Rendering\BoundingBox.cs"
"ADD","NEW_CLEAN","Triangle.NET\Triangle.Rendering\Buffer\BufferBase.cs"
"ADD","NEW_CLEAN","Triangle.NET\Triangle.Rendering\Buffer\ColorBuffer.cs"
"ADD","NEW_CLEAN","Triangle.NET\Triangle.Rendering\Buffer\IBuffer.cs"
"ADD","NEW_CLEAN","Triangle.NET\Triangle.Rendering\Buffer\IndexBuffer.cs"
"ADD","NEW_CLEAN","Triangle.NET\Triangle.Rendering\Buffer\VertexBuffer.cs"
"ADD","NEW_CLEAN","Triangle.NET\Triangle.Rendering\ColorManager.cs"
"ADD","NEW_CLEAN","Triangle.NET\Triangle.Rendering\ExtensionMethods.cs"
"ADD","NEW_CLEAN","Triangle.NET\Triangle.Rendering\GDI\FunctionRenderer.cs"
"ADD","NEW_CLEAN","Triangle.NET\Triangle.Rendering\GDI\ImageRenderer.cs"
"ADD","NEW_CLEAN","Triangle.NET\Triangle.Rendering\GDI\LayerRenderer.cs"
"ADD","NEW_CLEAN","Triangle.NET\Triangle.Rendering\GDI\MeshRenderer.cs"
"ADD","NEW_CLEAN","Triangle.NET\Triangle.Rendering\GDI\Native\GradientFillMode.cs"
"ADD","NEW_CLEAN","Triangle.NET\Triangle.Rendering\GDI\Native\GradientRect.cs"
"ADD","NEW_CLEAN","Triangle.NET\Triangle.Rendering\GDI\Native\GradientTriangle.cs"
"ADD","NEW_CLEAN","Triangle.NET\Triangle.Rendering\GDI\Native\NativeMethods.cs"
"ADD","NEW_CLEAN","Triangle.NET\Triangle.Rendering\GDI\Native\TriVertex.cs"
"ADD","NEW_CLEAN","Triangle.NET\Triangle.Rendering\GDI\RenderControl.cs"
"ADD","NEW_CLEAN","Triangle.NET\Triangle.Rendering\IRenderContext.cs"
"ADD","NEW_CLEAN","Triangle.NET\Triangle.Rendering\IRenderControl.cs"
"ADD","NEW_CLEAN","Triangle.NET\Triangle.Rendering\IRenderer.cs"
"ADD","NEW_CLEAN","Triangle.NET\Triangle.Rendering\IRenderLayer.cs"
"ADD","NEW_CLEAN","Triangle.NET\Triangle.Rendering\Projection.cs"
"ADD","NEW_CLEAN","Triangle.NET\Triangle.Rendering\Properties\AssemblyInfo.cs"
"ADD","NEW_CLEAN","Triangle.NET\Triangle.Rendering\RenderContext.cs"
"ADD","NEW_CLEAN","Triangle.NET\Triangle.Rendering\RenderLayer.cs"
"ADD","NEW_CLEAN","Triangle.NET\Triangle.Rendering\RenderManager.cs"
"ADD","NEW_CLEAN","Triangle.NET\Triangle.Rendering\Text\EdgeIterator.cs"
"ADD","NEW_CLEAN","Triangle.NET\Triangle.Rendering\Text\EpsDocument.cs"
"ADD","NEW_CLEAN","Triangle.NET\Triangle.Rendering\Text\EpsImage.cs"
"ADD","NEW_CLEAN","Triangle.NET\Triangle.Rendering\Text\FormattingStreamWriter.cs"
"ADD","NEW_CLEAN","Triangle.NET\Triangle.Rendering\Text\PageSize.cs"
"ADD","NEW_CLEAN","Triangle.NET\Triangle.Rendering\Text\SvgImage.cs"
"ADD","NEW_CLEAN","Triangle.NET\Triangle.Rendering\Triangle.Rendering.csproj"
"ADD","NEW_CLEAN","Triangle.NET\Triangle.Rendering\Triangle.Rendering.csproj.vspscc"
"ADD","NEW_CLEAN","Triangle.NET\Triangle.Rendering\Util\BufferHelper.cs"
"ADD","NEW_CLEAN","Triangle.NET\Triangle.Rendering\Util\ColorMap.cs"
"ADD","NEW_CLEAN","Triangle.NET\Triangle.Rendering\Util\ReflectionHelper.cs"
